DROP TABLE IF EXISTS "families";
CREATE TABLE families(
  id INTEGER PRIMARY KEY AUTOINCREMENT NOT NULL,
  name TEXT NOT NULL);
INSERT INTO "families" VALUES(1,'Giebner');
INSERT INTO "families" VALUES(2,'Carlson');
INSERT INTO "families" VALUES(3,'Johnson');
INSERT INTO "families" VALUES(4,'Rott');
INSERT INTO "families" VALUES(5,'Anderson');
INSERT INTO "families" VALUES(6,'Almlie');
INSERT INTO "families" VALUES(7,'Deming');
INSERT INTO "families" VALUES(8,'Niess');
INSERT INTO "families" VALUES(9,'Jaenisch');
INSERT INTO "families" VALUES(10,'Modig');
INSERT INTO "families" VALUES(11,'Diehl');
INSERT INTO "families" VALUES(12,'Nadeau');
DROP TABLE IF EXISTS "gender_types";
CREATE TABLE "gender_types" ("id" INTEGER PRIMARY KEY  AUTOINCREMENT  NOT NULL , "desc" TEXT NOT NULL  UNIQUE );
INSERT INTO "gender_types" VALUES(1,'M');
INSERT INTO "gender_types" VALUES(2,'F');
DROP TABLE IF EXISTS "location_types";
CREATE TABLE "location_types" ("id" INTEGER PRIMARY KEY  AUTOINCREMENT  NOT NULL , "desc" TEXT NOT NULL  UNIQUE );
INSERT INTO "location_types" VALUES(1,'University/College');
INSERT INTO "location_types" VALUES(2,'Park');
INSERT INTO "location_types" VALUES(3,'Hospital');
INSERT INTO "location_types" VALUES(4,'City');
INSERT INTO "location_types" VALUES(5,'County');
INSERT INTO "location_types" VALUES(6,'Residence');
INSERT INTO "location_types" VALUES(7,'GPS Coordinates');
INSERT INTO "location_types" VALUES(8,'State');
INSERT INTO "location_types" VALUES(9,'Country');
INSERT INTO "location_types" VALUES(10,'Church');
DROP TABLE IF EXISTS "locations";
CREATE TABLE "locations" ("id" INTEGER PRIMARY KEY  NOT NULL  DEFAULT (null) ,"type" INTEGER DEFAULT (null) ,"name" TEXT,"addr1" TEXT,"addr2" TEXT,"addr3" TEXT,"addr4" TEXT,"city" TEXT,"state" TEXT,"zip" TEXT,"country" TEXT,"notes" TEXT,"x" TEXT,"y" TEXT,"datum" TEXT);
INSERT INTO "locations" VALUES(1,1,'Gustavus Adolphus College','800 College Ave',NULL,NULL,NULL,'St. Peter','MN','56082','USA',NULL,NULL,NULL,NULL);
INSERT INTO "locations" VALUES(2,2,'Brighton Beach','Brighton Beach Rd',NULL,NULL,NULL,'Duluth','MN','55804','USA',NULL,NULL,NULL,NULL);
INSERT INTO "locations" VALUES(3,3,'Children''s Minnesota Saint Paul Hospital','345 Smith Ave N',NULL,NULL,NULL,'St. Paul','MN','55102','USA',NULL,NULL,NULL,NULL);
INSERT INTO "locations" VALUES(4,3,'St Mary''s Hospital','407 E 3rd St',NULL,NULL,NULL,'Duluth','MN','55805','USA',NULL,NULL,NULL,NULL);
INSERT INTO "locations" VALUES(5,4,NULL,NULL,NULL,NULL,NULL,'Grand Marais','MN',NULL,'USA',NULL,NULL,NULL,NULL);
INSERT INTO "locations" VALUES(6,6,NULL,'3225 Cheshnut St.','Apt. 1',NULL,NULL,'Duluth','MN','55806','USA','Rental Split-level duplex',NULL,NULL,NULL);
INSERT INTO "locations" VALUES(7,6,'St. Mary''s Apartments','313 N 3rd Ave E','Apt. 401',NULL,NULL,'Duluth','MN','55802','USA','Split-level loft style apartment',NULL,NULL,NULL);
INSERT INTO "locations" VALUES(8,6,NULL,'115 N 18th Ave E',NULL,NULL,NULL,'Duluth','MN','55812','USA','Rental duplex',NULL,NULL,NULL);
INSERT INTO "locations" VALUES(9,4,NULL,NULL,NULL,NULL,NULL,'Minneapolis','MN',NULL,'USA',NULL,NULL,NULL,NULL);
INSERT INTO "locations" VALUES(10,4,'',NULL,NULL,NULL,NULL,'Findlay','OH',NULL,'USA',NULL,NULL,NULL,NULL);
INSERT INTO "locations" VALUES(11,4,NULL,NULL,NULL,NULL,NULL,'San Diego','CA',NULL,'USA',NULL,NULL,NULL,NULL);
INSERT INTO "locations" VALUES(12,4,NULL,NULL,NULL,NULL,NULL,'Chicago','IL',NULL,'USA',NULL,NULL,NULL,NULL);
INSERT INTO "locations" VALUES(13,3,'Regions Hospital','640 Jackson St',NULL,NULL,NULL,'St. Paul','MN','55101','USA',NULL,NULL,NULL,NULL);
INSERT INTO "locations" VALUES(14,4,NULL,NULL,NULL,NULL,NULL,'Houghton','MI',NULL,'USA',NULL,NULL,NULL,NULL);
INSERT INTO "locations" VALUES(15,5,'Isanti County',NULL,NULL,NULL,NULL,NULL,'MN',NULL,'USA',NULL,NULL,NULL,NULL);
INSERT INTO "locations" VALUES(16,5,'Ramsey County',NULL,NULL,NULL,NULL,NULL,'MN',NULL,'USA',NULL,NULL,NULL,NULL);
INSERT INTO "locations" VALUES(17,9,NULL,NULL,NULL,NULL,NULL,NULL,NULL,NULL,'Sweden',NULL,NULL,NULL,NULL);
INSERT INTO "locations" VALUES(18,8,NULL,NULL,NULL,NULL,NULL,NULL,'MN','','USA',NULL,NULL,NULL,NULL);
INSERT INTO "locations" VALUES(19,5,'Itasca County',NULL,NULL,NULL,NULL,NULL,'MN','','USA',NULL,NULL,NULL,NULL);
INSERT INTO "locations" VALUES(20,4,NULL,NULL,NULL,NULL,NULL,'St. Louis Park','MN',NULL,'USA',NULL,NULL,NULL,NULL);
INSERT INTO "locations" VALUES(21,4,NULL,NULL,NULL,NULL,NULL,'Johnson','MN',NULL,'USA',NULL,NULL,NULL,NULL);
INSERT INTO "locations" VALUES(22,5,'Mille Lacs County',NULL,NULL,NULL,NULL,NULL,'MN',NULL,'USA',NULL,NULL,NULL,NULL);
INSERT INTO "locations" VALUES(23,10,'Trinity United Methodist Church','2511 Taylor St NE',NULL,NULL,NULL,'Minneapolis','MN','55418','USA','Church is closed',NULL,NULL,NULL);
INSERT INTO "locations" VALUES(24,4,NULL,NULL,NULL,NULL,NULL,'Fergus Falls','MN',NULL,'USA',NULL,NULL,NULL,NULL);
INSERT INTO "locations" VALUES(25,4,NULL,NULL,NULL,NULL,NULL,'Kronobergs län',NULL,NULL,'Sweden','',NULL,NULL,NULL);
INSERT INTO "locations" VALUES(26,4,NULL,NULL,NULL,NULL,NULL,'Rush City','MN',NULL,'USA',NULL,NULL,NULL,NULL);
INSERT INTO "locations" VALUES(27,4,NULL,NULL,NULL,NULL,NULL,'Bloomfield','MI',NULL,'USA',NULL,NULL,NULL,NULL);
INSERT INTO "locations" VALUES(28,5,'Chisago County',NULL,NULL,NULL,NULL,NULL,'MN',NULL,'USA',NULL,NULL,NULL,NULL);
INSERT INTO "locations" VALUES(29,9,NULL,NULL,NULL,NULL,NULL,NULL,NULL,NULL,'Germany',NULL,NULL,NULL,NULL);
INSERT INTO "locations" VALUES(30,4,NULL,NULL,NULL,NULL,NULL,'Tucson','AZ',NULL,NULL,NULL,NULL,NULL,NULL);
INSERT INTO "locations" VALUES(31,4,NULL,NULL,NULL,NULL,NULL,'Hastings','MN',NULL,'USA',NULL,NULL,NULL,NULL);
INSERT INTO "locations" VALUES(32,4,NULL,NULL,NULL,NULL,NULL,'Oakdale','MN',NULL,'USA',NULL,NULL,NULL,NULL);
INSERT INTO "locations" VALUES(33,4,NULL,NULL,NULL,NULL,NULL,'Woodbury','MN',NULL,'USA',NULL,NULL,NULL,NULL);
DROP TABLE IF EXISTS "persons";
CREATE TABLE "persons" ("id" INTEGER PRIMARY KEY  NOT NULL ,"first" TEXT NOT NULL  DEFAULT (null) ,"last" TEXT NOT NULL  DEFAULT (null) ,"middle" TEXT NOT NULL  DEFAULT (null) ,"gender" INTEGER NOT NULL  DEFAULT (null) ,"family" INTEGER);
INSERT INTO "persons" VALUES(1,'Anders','Giebner','Henry',1,1);
INSERT INTO "persons" VALUES(2,'Samuel','Giebner','Henry',1,1);
INSERT INTO "persons" VALUES(3,'Tiffany','Giebner','Autumn',2,1);
INSERT INTO "persons" VALUES(4,'Norman','Giebner','Paul',1,1);
INSERT INTO "persons" VALUES(5,'Richard','Giebner','Henry',1,1);
INSERT INTO "persons" VALUES(6,'Sandra','Giebner','J',2,11);
INSERT INTO "persons" VALUES(7,'Phyllis','Giebner','Louise',2,2);
INSERT INTO "persons" VALUES(8,'Joan','Carlson','Yvonne',2,2);
INSERT INTO "persons" VALUES(9,'George','Carlson','Henry',1,2);
INSERT INTO "persons" VALUES(10,'Herman','Carlson','Edwin',1,2);
INSERT INTO "persons" VALUES(11,'Herman','Carlson','Amandus',1,2);
INSERT INTO "persons" VALUES(12,'Nora','Carlson','Deming',2,7);
INSERT INTO "persons" VALUES(13,'Lois','Carlson','A',1,5);
INSERT INTO "persons" VALUES(14,'Larissa','Giebner','Brooke',2,3);
INSERT INTO "persons" VALUES(15,'Alexander','Johnson','Benjamin',1,3);
INSERT INTO "persons" VALUES(16,'Randall','Johnson','Bruce',1,3);
INSERT INTO "persons" VALUES(17,'Gary','Johnson','Allen',1,3);
INSERT INTO "persons" VALUES(18,'Judith','Johnson','Darlene',1,6);
INSERT INTO "persons" VALUES(19,'Mary Beth','Johnson','',2,4);
INSERT INTO "persons" VALUES(20,'Donald','Rott','Ralph',1,4);
INSERT INTO "persons" VALUES(21,'Suzanne','Rott','Carol',2,8);
INSERT INTO "persons" VALUES(22,'Dorothy','Almlie','',2,9);
INSERT INTO "persons" VALUES(23,'Albert','Almlie','Adolf',1,6);
INSERT INTO "persons" VALUES(24,'Emma','Carlson','Christina',2,10);
INSERT INTO "persons" VALUES(25,'Ernest','Carlson','Wilhelm',1,2);
INSERT INTO "persons" VALUES(26,'Lillie Otillian','Nelson','Victoria',2,2);
INSERT INTO "persons" VALUES(27,'Arvid','Calrson','Helmer',1,2);
INSERT INTO "persons" VALUES(28,'Richard','Giebner','',1,1);
INSERT INTO "persons" VALUES(29,'Hedi','Giebner','',2,1);
INSERT INTO "persons" VALUES(30,'Harold','Diehl','',1,11);
INSERT INTO "persons" VALUES(31,'Madeline','Diehl','E.H.',2,NULL);
INSERT INTO "persons" VALUES(32,'Keith','Diehl','',1,11);
INSERT INTO "persons" VALUES(33,'Janet','Diehl','M',2,11);
INSERT INTO "persons" VALUES(34,'Carrie','Ingbritson','R',2,1);
INSERT INTO "persons" VALUES(35,'Paul','Giebner','',1,1);
INSERT INTO "persons" VALUES(36,'Joel','Giebner','',1,1);
INSERT INTO "persons" VALUES(37,'Tyler','Giebner','',1,1);
INSERT INTO "persons" VALUES(38,'Seth','Giebner','',1,1);
INSERT INTO "persons" VALUES(39,'Crystal','Giebner','',2,1);
INSERT INTO "persons" VALUES(40,'Kelly','','Johnson',2,12);
DROP TABLE IF EXISTS "relations";
CREATE TABLE "relations" ("id" INTEGER PRIMARY KEY  NOT NULL ,"type" INTEGER NOT NULL  DEFAULT (null) ,"person_1" INTEGER NOT NULL ,"person_2" INTEGER NOT NULL ,"person_1_role" INTEGER NOT NULL ,"person_2_role" INTEGER NOT NULL ,"start" TEXT,"end" TEXT,"location" INTEGER);
INSERT INTO "relations" VALUES(1,1,1,2,2,1,NULL,NULL,NULL);
INSERT INTO "relations" VALUES(2,1,1,14,2,1,NULL,NULL,NULL);
INSERT INTO "relations" VALUES(3,3,2,14,3,4,'2013-06-08',NULL,2);
INSERT INTO "relations" VALUES(4,1,3,4,2,1,NULL,NULL,NULL);
INSERT INTO "relations" VALUES(5,1,3,7,2,1,NULL,NULL,NULL);
INSERT INTO "relations" VALUES(6,3,4,7,3,4,'1986',NULL,23);
INSERT INTO "relations" VALUES(7,1,14,19,2,1,NULL,NULL,NULL);
INSERT INTO "relations" VALUES(8,1,14,16,2,1,NULL,NULL,NULL);
INSERT INTO "relations" VALUES(9,1,15,19,2,1,NULL,NULL,NULL);
INSERT INTO "relations" VALUES(10,1,15,16,2,1,NULL,NULL,NULL);
INSERT INTO "relations" VALUES(11,1,7,13,2,1,NULL,NULL,NULL);
INSERT INTO "relations" VALUES(12,1,7,9,2,1,NULL,NULL,NULL);
INSERT INTO "relations" VALUES(13,1,8,13,2,1,NULL,NULL,NULL);
INSERT INTO "relations" VALUES(14,1,8,9,2,1,NULL,NULL,NULL);
INSERT INTO "relations" VALUES(15,1,9,12,2,1,NULL,NULL,NULL);
INSERT INTO "relations" VALUES(16,1,9,10,2,1,NULL,NULL,NULL);
INSERT INTO "relations" VALUES(17,3,9,13,3,4,'1950',NULL,23);
INSERT INTO "relations" VALUES(20,3,5,6,3,4,'1950',NULL,NULL);
INSERT INTO "relations" VALUES(21,3,20,21,3,4,'1950',NULL,NULL);
INSERT INTO "relations" VALUES(22,3,23,22,3,4,'1926',NULL,24);
INSERT INTO "relations" VALUES(23,3,17,18,3,4,'1970','1998',NULL);
INSERT INTO "relations" VALUES(24,1,2,4,2,1,NULL,NULL,NULL);
INSERT INTO "relations" VALUES(25,1,2,7,2,1,NULL,NULL,NULL);
INSERT INTO "relations" VALUES(26,1,4,5,2,1,NULL,NULL,NULL);
INSERT INTO "relations" VALUES(27,1,4,6,2,1,NULL,NULL,NULL);
INSERT INTO "relations" VALUES(28,1,7,9,2,1,NULL,NULL,NULL);
INSERT INTO "relations" VALUES(29,1,7,13,2,1,NULL,NULL,NULL);
INSERT INTO "relations" VALUES(30,1,10,11,2,1,NULL,NULL,NULL);
INSERT INTO "relations" VALUES(31,1,10,12,2,1,NULL,NULL,NULL);
INSERT INTO "relations" VALUES(32,1,16,17,2,1,NULL,NULL,NULL);
INSERT INTO "relations" VALUES(33,1,16,18,2,1,NULL,NULL,NULL);
INSERT INTO "relations" VALUES(34,1,19,20,2,1,NULL,NULL,NULL);
INSERT INTO "relations" VALUES(35,1,19,21,2,1,NULL,NULL,NULL);
INSERT INTO "relations" VALUES(36,1,25,11,2,1,NULL,NULL,NULL);
INSERT INTO "relations" VALUES(37,1,25,12,2,1,NULL,NULL,NULL);
INSERT INTO "relations" VALUES(38,1,26,11,2,1,NULL,NULL,NULL);
INSERT INTO "relations" VALUES(39,1,26,12,2,1,NULL,NULL,NULL);
INSERT INTO "relations" VALUES(40,1,27,11,2,1,NULL,NULL,NULL);
INSERT INTO "relations" VALUES(41,1,27,12,2,1,NULL,NULL,NULL);
INSERT INTO "relations" VALUES(42,3,11,24,3,4,'1800',NULL,17);
INSERT INTO "relations" VALUES(43,1,5,28,2,1,NULL,NULL,NULL);
INSERT INTO "relations" VALUES(44,1,5,29,2,1,NULL,NULL,NULL);
INSERT INTO "relations" VALUES(45,3,28,29,3,4,'1950',NULL,12);
INSERT INTO "relations" VALUES(46,1,6,30,2,1,NULL,NULL,NULL);
INSERT INTO "relations" VALUES(47,1,6,31,2,1,NULL,NULL,NULL);
INSERT INTO "relations" VALUES(48,1,32,30,2,1,NULL,NULL,NULL);
INSERT INTO "relations" VALUES(49,1,32,31,2,1,NULL,NULL,NULL);
INSERT INTO "relations" VALUES(50,1,33,30,2,1,NULL,NULL,NULL);
INSERT INTO "relations" VALUES(51,1,33,31,2,1,NULL,NULL,NULL);
INSERT INTO "relations" VALUES(52,1,34,5,2,1,NULL,NULL,NULL);
INSERT INTO "relations" VALUES(53,1,34,6,2,1,NULL,NULL,NULL);
INSERT INTO "relations" VALUES(54,1,35,5,2,1,NULL,NULL,NULL);
INSERT INTO "relations" VALUES(55,1,35,6,2,1,NULL,NULL,NULL);
INSERT INTO "relations" VALUES(56,1,36,5,2,1,NULL,NULL,NULL);
INSERT INTO "relations" VALUES(57,1,36,6,2,1,NULL,NULL,NULL);
INSERT INTO "relations" VALUES(58,1,37,5,2,1,NULL,NULL,NULL);
INSERT INTO "relations" VALUES(59,1,37,6,2,1,NULL,NULL,NULL);
INSERT INTO "relations" VALUES(60,1,38,5,2,1,NULL,NULL,NULL);
INSERT INTO "relations" VALUES(61,1,38,6,2,1,NULL,NULL,NULL);
INSERT INTO "relations" VALUES(62,1,39,5,2,1,NULL,NULL,NULL);
INSERT INTO "relations" VALUES(63,1,39,6,2,1,NULL,NULL,NULL);
INSERT INTO "relations" VALUES(64,3,15,40,3,4,'1984',NULL,33);
DROP TABLE IF EXISTS "relationship_roles";
CREATE TABLE "relationship_roles" ("id" INTEGER PRIMARY KEY  AUTOINCREMENT  NOT NULL , "desc" TEXT NOT NULL );
INSERT INTO "relationship_roles" VALUES(1,'Parent');
INSERT INTO "relationship_roles" VALUES(2,'Child');
INSERT INTO "relationship_roles" VALUES(3,'Husband');
INSERT INTO "relationship_roles" VALUES(4,'Wife');
DROP TABLE IF EXISTS "relationship_type";
CREATE TABLE "relationship_type" ("id" INTEGER PRIMARY KEY  AUTOINCREMENT  NOT NULL , "desc" TEXT NOT NULL  UNIQUE );
INSERT INTO "relationship_type" VALUES(1,'Parent/Child');
INSERT INTO "relationship_type" VALUES(2,'Adoptive Parent/Child');
INSERT INTO "relationship_type" VALUES(3,'Marriage');
DROP TABLE IF EXISTS "terminus";
CREATE TABLE "terminus" ("id" INTEGER PRIMARY KEY  NOT NULL  DEFAULT (null) ,"person" INTEGER,"type" INTEGER DEFAULT (null) ,"date" TEXT DEFAULT (null) ,"location" INTEGER DEFAULT (null) ,"notes" TEXT DEFAULT (null) );
INSERT INTO "terminus" VALUES(1,1,1,'2016-07-16',4,'Premature birth');
INSERT INTO "terminus" VALUES(2,2,1,'1990-11-29',3,'');
INSERT INTO "terminus" VALUES(3,14,1,'1991-03-07',9,'Premature birth');
INSERT INTO "terminus" VALUES(4,3,1,'1993-09-20',3,NULL);
INSERT INTO "terminus" VALUES(5,15,1,'1993-03-06',3,NULL);
INSERT INTO "terminus" VALUES(6,19,1,'1966-08-24',8,NULL);
INSERT INTO "terminus" VALUES(7,16,1,'1964-11-09',5,NULL);
INSERT INTO "terminus" VALUES(8,4,1,'1963-11-19
',11,NULL);
INSERT INTO "terminus" VALUES(9,5,1,'1939-07-30
',12,NULL);
INSERT INTO "terminus" VALUES(10,5,2,'2013-11-15',13,'Heart attack/trauma');
INSERT INTO "terminus" VALUES(11,6,1,'1943-08-02',14,NULL);
INSERT INTO "terminus" VALUES(12,7,1,'1962-10-17',9,NULL);
INSERT INTO "terminus" VALUES(13,8,1,'1964-03-13',9,NULL);
INSERT INTO "terminus" VALUES(14,9,1,'1932-06-09',15,NULL);
INSERT INTO "terminus" VALUES(15,10,1,'1900-08-25',16,NULL);
INSERT INTO "terminus" VALUES(16,10,2,'1977-04-04',15,NULL);
INSERT INTO "terminus" VALUES(17,11,1,'1870-10-20',17,'Immigrant');
INSERT INTO "terminus" VALUES(18,11,2,'1924-08-13',16,NULL);
INSERT INTO "terminus" VALUES(19,12,1,'1901-04-30',18,NULL);
INSERT INTO "terminus" VALUES(20,12,2,'1955-05-22',19,NULL);
INSERT INTO "terminus" VALUES(21,13,1,'1936-11-03',9,NULL);
INSERT INTO "terminus" VALUES(22,17,1,NULL,NULL,NULL);
INSERT INTO "terminus" VALUES(23,18,1,'1945-01-31',5,NULL);
INSERT INTO "terminus" VALUES(24,18,2,'2016-01-01',9,'Date needs review');
INSERT INTO "terminus" VALUES(25,20,1,'1941-10-12',NULL,NULL);
INSERT INTO "terminus" VALUES(26,21,1,NULL,NULL,NULL);
INSERT INTO "terminus" VALUES(27,22,2,'2010-04-05',20,NULL);
INSERT INTO "terminus" VALUES(28,22,1,'1917-10-11',21,NULL);
INSERT INTO "terminus" VALUES(29,23,1,'1912-01-31',22,NULL);
INSERT INTO "terminus" VALUES(30,23,2,'2006-04-26',9,NULL);
INSERT INTO "terminus" VALUES(31,24,1,'1866-01-31',25,'Immigrant');
INSERT INTO "terminus" VALUES(32,24,2,'1926-08-26',26,NULL);
INSERT INTO "terminus" VALUES(33,25,1,'1893-07-24',16,NULL);
INSERT INTO "terminus" VALUES(34,25,2,'1968-06-27',27,NULL);
INSERT INTO "terminus" VALUES(35,26,1,'1902-08-17',16,NULL);
INSERT INTO "terminus" VALUES(36,26,2,'1995-05-04',28,NULL);
INSERT INTO "terminus" VALUES(37,27,1,'1904-09-24',16,NULL);
INSERT INTO "terminus" VALUES(38,27,2,'1979-03-28',28,NULL);
INSERT INTO "terminus" VALUES(39,28,1,'1910-12-19',29,'Immigrant');
INSERT INTO "terminus" VALUES(40,28,2,'2007-10-05',30,NULL);
INSERT INTO "terminus" VALUES(41,31,2,'2008-12-28',31,NULL);
INSERT INTO "terminus" VALUES(42,40,1,'1993-07-12',32,NULL);
DROP TABLE IF EXISTS "terminus_types";
CREATE TABLE "terminus_types" ("id" INTEGER PRIMARY KEY  AUTOINCREMENT  NOT NULL , "desc" TEXT NOT NULL  UNIQUE );
INSERT INTO "terminus_types" VALUES(1,'B');
INSERT INTO "terminus_types" VALUES(2,'D');
